term,df,sumsq,meansq,statistic,p.value
vore,2,127.76280498120303,63.881402490601516,2.6648870038380856,0.07892557572306894
Residuals,53,1270.4907664473683,23.971523895233364,NA,NA
